4;1;;xmlinExecutor;start;2016.04.26 14:28:51.252;1461673731253
4;1;;xmlinExecutor;stop;2016.04.26 14:29:33.386;1461673773386
4;1;;xmlinExecutor;start;2016.04.26 14:29:33.421;1461673773421
4;1;;xmlinExecutor;stop;2016.04.26 14:29:46.277;1461673786277
4;1;;xmlinExecutor;start;2016.04.26 14:29:46.325;1461673786325
4;1;;xmlinExecutor;stop;2016.04.26 14:30:10.844;1461673810844
4;1;;xmlinExecutor;start;2016.04.26 14:30:10.904;1461673810904
4;1;;xmlinExecutor;stop;2016.04.26 14:30:24.589;1461673824589
4;1;;xmlinExecutor;start;2016.04.26 14:30:24.645;1461673824645
4;1;;xmlinExecutor;start;2016.04.26 15:25:05.947;1461677105947
4;1;;xmlinExecutor;stop;2016.04.26 15:25:22.607;1461677122607
4;1;;xmlinExecutor;start;2016.04.26 15:25:22.626;1461677122626
4;1;;xmlinExecutor;stop;2016.04.26 15:25:22.875;1461677122875
4;1;;xmlinExecutor;start;2016.04.26 15:25:22.895;1461677122895
4;1;;xmlinExecutor;stop;2016.04.26 15:25:23.137;1461677123137
4;1;;xmlinExecutor;start;2016.04.26 15:25:23.157;1461677123158
4;1;;xmlinExecutor;stop;2016.04.26 15:25:32.6;1461677132006
4;1;;xmlinExecutor;start;2016.04.26 15:25:32.21;1461677132021
4;1;;xmlinExecutor;start;2016.04.26 15:25:32.902;1461677132902
4;1;;xmlinExecutor;start;2016.04.26 15:28:04.747;1461677284747
4;1;;xmlinExecutor;stop;2016.04.26 15:28:51.649;1461677331649
4;1;;xmlinExecutor;start;2016.04.26 15:28:51.689;1461677331689
4;1;;xmlinExecutor;stop;2016.04.26 15:29:15.438;1461677355438
4;1;;xmlinExecutor;start;2016.04.26 15:29:15.486;1461677355486
4;1;;xmlinExecutor;stop;2016.04.26 15:29:54.800;1461677394800
4;1;;xmlinExecutor;start;2016.04.26 15:29:54.835;1461677394835
4;1;;xmlinExecutor;stop;2016.04.26 15:30:12.937;1461677412937
4;1;;xmlinExecutor;start;2016.04.26 15:30:13.11;1461677413011
4;1;;xmlinExecutor;start;2016.04.26 15:30:20.389;1461677420389
4;1;;xmlinExecutor;start;2016.04.26 15:52:04.124;1461678724124
4;1;;xmlinExecutor;stop;2016.04.26 15:52:40.343;1461678760343
4;1;;xmlinExecutor;start;2016.04.26 15:52:40.375;1461678760375
4;1;;xmlinExecutor;stop;2016.04.26 15:52:54.423;1461678774423
4;1;;xmlinExecutor;start;2016.04.26 15:52:54.451;1461678774451
4;1;;xmlinExecutor;stop;2016.04.26 15:53:08.716;1461678788716
4;1;;xmlinExecutor;start;2016.04.26 15:53:08.778;1461678788778
4;1;;xmlinExecutor;stop;2016.04.26 15:53:23.424;1461678803424
4;1;;xmlinExecutor;start;2016.04.26 15:53:23.460;1461678803460
4;1;;xmlinExecutor;stop;2016.04.26 15:53:30.862;1461678810862
4;1;;xmlinExecutor;start;2016.04.26 15:54:26.655;1461678866655
4;1;;xmlinExecutor;stop;2016.04.26 15:55:08.375;1461678908375
4;1;;xmlinExecutor;start;2016.04.26 15:56:03.14;1461678963014
4;1;;xmlinExecutor;stop;2016.04.26 15:56:44.321;1461679004321
4;1;;xmlinExecutor;start;2016.04.26 15:57:13.779;1461679033779
4;1;;xmlinExecutor;stop;2016.04.26 15:57:57.192;1461679077192
4;1;;xmlinExecutor;start;2016.04.26 15:58:14.358;1461679094358
4;1;;xmlinExecutor;stop;2016.04.26 15:58:39.356;1461679119356
